{"cameraMode":{"drawMode":0,"name":"Shaded","section":"Shading Mode"},"sceneLighting":true,"audioPlay":false,"sceneViewState":{"showFog":true,"showMaterialUpdate":false,"showSkybox":true,"showFlares":true,"showImageEffects":true,"showParticleSystems":true},"in2DMode":false,"pivot":{"x":1.0411609411239625,"y":4.418989658355713,"z":-1.6903257369995118},"rotation":{"x":-0.004670724738389254,"y":-0.9953582882881165,"z":0.06609661877155304,"w":-0.06999301165342331},"size":9.611464500427246,"orthographic":false}